{
  "startcoordinates": [
    11.81136,
    47.40462
  ],
  "contractcoordinates": [
    [
      16.373819,
      48.208176,
      70,
      1,
      1,
      "Vienna",
      1
    ],
    [
      15.439504,
      47.070713,
      120,
      1,
      1,
      "Graz",
      2
    ]
  ]
}