{
  "startcoordinates": [
    11.81136,
    47.40462
  ],
  "contractcoordinates": [
    [
      12.162342,
      47.578177, 
      70,
      1,
      1,
      "Kufstein",
      1
    ]
    
  ]
}