{"startcoordinates": [11.81136, 47.40462], "contractcoordinates": [[16.113, 48.1023, 70, 1, 1, "Vienna", 1], [15.134, 47.01239, 120, 1, 1, "Graz", 2]]}