{
  "startcoordinates": [
    11.81136,
    47.40462
  ],
  "mapcoordinates": [
    [
      11.187689, 
      47.330802
    ],
    [
      11.390857, 
      47.267246
    ],
    [
      11.706264, 
      47.348852
    ],
    [
      11.896483, 
      47.264491
    ]
  ],
  "endcoordinates" : [
    11.81136,
    47.40462
  ]

}