{
  "startcoordinates": [
    11.81136,
    47.40462
  ],
  "contractcoordinates": [
    [
      14.284443, 
      48.308493, 
      120,
      1,
      1,
      "Linz",
      1
    ],
    [
      15.975988, 
      47.283031,
      15,
      1,
      1,
      "Hartberg",
      2
    ],
    [
      16.079331, 
      47.048674, 
      15,
      1,
      1,
      "Fürstenfeld",
      2
    ],
    [
      15.887058, 
      46.950229, 
      15,
      1,
      1,
      "Feldbach",
      2
    ],
    [
      15.425733, 
      47.059670, 
      15,
      1,
      1,
      "Graz",
      2
    ],
    [
      15.429965, 
      47.075730,
      20,
      1,
      1,
      "Graz Lendplatz",
      2
    ],
    [
      15.413780, 
      47.070541, 
      10,
      1,
      1,
      "Graz Eggenbergerstraße",
      2
    ],
    [
      15.334872, 
      46.945425, 
      15,
      1,
      1,
      "Lannach",
      2
    ],
    [
      15.223590, 
      46.820687, 
      15,
      1,
      1,
      "Deutschlandsberg",
      2
    ],
    [
      15.439504,
      47.070713,
      120,
      1,
      1,
      "Graz",
      2
    ],
    [
      15.010369, 
      47.424294, 
      30,
      1,
      1,
      "Trofaiach",
      2
    ],
    [
      13.297825, 
      47.334665, 
      60,
      1,
      1,
      "Wagrain",
      2
    ]
    
  ]
}