{
  "startcoordinates": [
    11.81136,
    47.40462
  ],
  "mapcoordinates": [
    [
      11.823949, 
      47.153535 

    ],
    [
      12.031797, 
      47.223448
    ]
    ,
    [
      12.042557, 
      47.226652
    ]
    ,
    [
      11.896483, 
      47.264491   ]
    ,
    [
      11.864149,
      47.323385
    ]
    ,
    [
      11.849777, 
      47.346094
    ]
  ],
  "endcoordinates" : [
    11.81136,
    47.40462
  ]

}