{
  "startcoordinates": [
    11.81136,
    47.40462
  ],
  "contractcoordinates": [
    [
      11.187689, 
      47.330802, 
      120,
      2,
      2,
      "Seefeld",
      1
    ],
    [
      11.390857, 
      47.267246, 
      30,
      2,
      2,
      "Innsbruck",
      2
    ],
    [
      11.706264, 
      47.348852,
      5,
      2,
      2,
      "Schwaz",
      2
    ],
    [
      11.896483, 
      47.264491, 
      60,
      2,
      2,
      "Aschau",
      2
    ]
  ]
}