{
  "startcoordinates": [
    11.81136,
    47.40462
  ],
  "contractcoordinates": [
    [
      11.823949, 
      47.153535, 
      60,
      1,
      1,
      "Finkenberg",
      1
    ],
    [
      12.031797, 
      47.223448, 
      30,
      1,
      1,
      "Gerlos1",
      2
    ]
    ,
    [
      12.042557, 
      47.226652, 
      45,
      1,
      1,
      "Gerlos2",
      2
    ]
    ,
    [
      11.896483, 
      47.264491, 
      30,
      1,
      1,
      "Aschau",
      2
    ]
    ,
    [
      11.864149,
      47.323385,
      35,
      1,
      1,
      "Uderns",
      2
    ]
    ,
    [
      11.849777, 
      47.346094,
      40,
      1,
      1,
      "Fügen",
      2
    ]
  ]
}