{
    
    "startcoordinates": [8.641765, 49.398628],
    
    "contractcoordinates":  [  [8.683665, 49.419231,40,1,1,"Heidelberg",1], 
    [8.626231,49.371885, 320,1,2, "Axelvoid",5 ]
    ]

    
}

