{
    
    "startcoordinates": [11.811360, 47.404620],
    
    "contractcoordinates":  [[16.373819, 48.208176,70,1,1,"Vienna",1], [15.439504, 47.070713,120,1,1,"Graz",2], [13.042390, 47.805672, 1, 1, "Salzburg", 3], [15.272460, 47.410620, 1, 1, "Bruck", 4]]
    

    
}

