{
    
    "startcoordinates": [8.641765, 49.398628],
    
    "mapcoordinates":  [[8.683665, 49.419231], [8.665329,49.414687 ]],
    
    "endcoordinates" : [8.641765, 49.398628]

    
}

