{
    
    "startcoordinates": [8.641765, 49.398628],
    
    "contractcoordinates":  [[8.683665, 49.419231,270,1,1,"Heidelberg",1], [8.665329,49.414687,400,1,1,"zoo",2 ], [8.645171,49.429830, 500,1,1, "Weiblingen",3]]

    
}

