{
    
    "startcoordinates": [8.641765, 49.398628],
    
    "contractcoordinates":  [[8.683665, 49.419231,70,1,1,"Heidelberg",1], [8.665329,49.414687,0,2,1,"zoo",2 ] ]
    

    
}

