{
    
    "startcoordinates": [8.641765, 49.398628],
    
    "contractcoordinates":  [[8.683665, 49.419231,70,1,1,"Heidelberg",1], [8.665329,49.414687,0,1,1,"zoo",2 ], [8.645171,49.429830, 10,1,1, "Weiblingen",3], [8.687173,49.379854, 20,1,1, "Boarding Hotel",4 ]]
    

    
}

